{"cameraMode":{"drawMode":0,"name":"Shaded","section":"Shading Mode"},"sceneLighting":false,"audioPlay":false,"sceneViewState":{"showFog":false,"showMaterialUpdate":false,"showSkybox":false,"showFlares":false,"showImageEffects":false,"showParticleSystems":false,"showVisualEffectGraphs":true,"m_FxEnabled":true},"in2DMode":false,"pivot":{"x":-0.3509913682937622,"y":16.994014739990236,"z":-5.460227966308594},"rotation":{"x":-0.0005996620166115463,"y":0.9990630149841309,"z":-0.04079381003975868,"w":-0.014686765149235726},"size":22.626375198364259,"orthographic":false}