{"cameraMode":{"drawMode":0,"name":"Shaded","section":"Shading Mode"},"sceneLighting":false,"audioPlay":false,"sceneViewState":{"showFog":false,"showMaterialUpdate":false,"showSkybox":false,"showFlares":false,"showImageEffects":false,"showParticleSystems":false,"showVisualEffectGraphs":true,"m_FxEnabled":true},"in2DMode":false,"pivot":{"x":-0.022836945950984956,"y":0.38625872135162356,"z":-0.043073177337646487},"rotation":{"x":0.0002673458366189152,"y":-0.9984323978424072,"z":0.05578016862273216,"w":0.004784045275300741},"size":1.0043256282806397,"orthographic":false}